,mm_mon,DATE
1,19.6,1871-01-01
2,10.7,1871-02-01
3,14.5,1871-03-01
4,33.9,1871-04-01
5,63.6,1871-05-01
6,208.0,1871-06-01
7,277.8,1871-07-01
8,179.4,1871-08-01
9,183.6,1871-09-01
10,36.8,1871-10-01
11,32.4,1871-11-01
12,6.7,1871-12-01
13,7.6,1872-01-01
14,7.5,1872-02-01
15,7.3,1872-03-01
16,24.0,1872-04-01
17,43.8,1872-05-01
18,189.2,1872-06-01
19,291.3,1872-07-01
20,245.2,1872-08-01
21,187.9,1872-09-01
22,78.5,1872-10-01
23,27.6,1872-11-01
24,19.1,1872-12-01
25,3.7,1873-01-01
26,13.5,1873-02-01
27,15.0,1873-03-01
28,24.3,1873-04-01
29,42.8,1873-05-01
30,113.0,1873-06-01
31,264.5,1873-07-01
32,214.2,1873-08-01
33,165.6,1873-09-01
34,60.7,1873-10-01
35,11.5,1873-11-01
36,9.0,1873-12-01
37,8.6,1874-01-01
38,15.8,1874-02-01
39,10.7,1874-03-01
40,16.9,1874-04-01
41,68.3,1874-05-01
42,227.9,1874-06-01
43,306.9,1874-07-01
44,233.5,1874-08-01
45,206.2,1874-09-01
46,93.2,1874-10-01
47,18.7,1874-11-01
48,4.0,1874-12-01
49,9.9,1875-01-01
50,11.4,1875-02-01
51,13.1,1875-03-01
52,23.2,1875-04-01
53,50.6,1875-05-01
54,192.6,1875-06-01
55,307.9,1875-07-01
56,218.7,1875-08-01
57,210.5,1875-09-01
58,56.6,1875-10-01
59,6.3,1875-11-01
60,7.1,1875-12-01
61,0.9,1876-01-01
62,2.1,1876-02-01
63,16.0,1876-03-01
64,16.5,1876-04-01
65,42.5,1876-05-01
66,123.3,1876-06-01
67,296.8,1876-07-01
68,195.6,1876-08-01
69,162.0,1876-09-01
70,46.4,1876-10-01
71,9.5,1876-11-01
72,2.5,1876-12-01
73,29.1,1877-01-01
74,23.4,1877-02-01
75,24.0,1877-03-01
76,35.3,1877-04-01
77,67.4,1877-05-01
78,142.4,1877-06-01
79,156.4,1877-07-01
80,156.9,1877-08-01
81,148.3,1877-09-01
82,107.8,1877-10-01
83,18.9,1877-11-01
84,36.5,1877-12-01
85,10.8,1878-01-01
86,9.1,1878-02-01
87,10.2,1878-03-01
88,36.1,1878-04-01
89,66.5,1878-05-01
90,130.4,1878-06-01
91,294.0,1878-07-01
92,339.3,1878-08-01
93,212.4,1878-09-01
94,79.8,1878-10-01
95,27.3,1878-11-01
96,14.0,1878-12-01
97,2.1,1879-01-01
98,10.7,1879-02-01
99,8.0,1879-03-01
100,8.2,1879-04-01
101,87.7,1879-05-01
102,190.0,1879-06-01
103,224.1,1879-07-01
104,322.1,1879-08-01
105,161.6,1879-09-01
106,86.6,1879-10-01
107,20.5,1879-11-01
108,7.1,1879-12-01
109,3.9,1880-01-01
110,16.5,1880-02-01
111,15.1,1880-03-01
112,21.1,1880-04-01
113,49.6,1880-05-01
114,187.6,1880-06-01
115,271.7,1880-07-01
116,176.8,1880-08-01
117,184.0,1880-09-01
118,87.7,1880-10-01
119,52.8,1880-11-01
120,11.1,1880-12-01
121,1.3,1881-01-01
122,3.2,1881-02-01
123,33.1,1881-03-01
124,23.7,1881-04-01
125,53.1,1881-05-01
126,160.7,1881-06-01
127,292.7,1881-07-01
128,264.6,1881-08-01
129,143.3,1881-09-01
130,49.3,1881-10-01
131,34.7,1881-11-01
132,6.2,1881-12-01
133,10.0,1882-01-01
134,9.4,1882-02-01
135,9.0,1882-03-01
136,18.8,1882-04-01
137,59.6,1882-05-01
138,213.0,1882-06-01
139,331.1,1882-07-01
140,190.3,1882-08-01
141,168.5,1882-09-01
142,73.9,1882-10-01
143,59.6,1882-11-01
144,6.2,1882-12-01
145,17.9,1883-01-01
146,3.6,1883-02-01
147,18.9,1883-03-01
148,16.5,1883-04-01
149,62.1,1883-05-01
150,204.3,1883-06-01
151,269.0,1883-07-01
152,187.9,1883-08-01
153,188.1,1883-09-01
154,83.0,1883-10-01
155,28.2,1883-11-01
156,15.5,1883-12-01
157,7.1,1884-01-01
158,7.4,1884-02-01
159,8.2,1884-03-01
160,20.3,1884-04-01
161,38.3,1884-05-01
162,159.3,1884-06-01
163,292.4,1884-07-01
164,242.6,1884-08-01
165,238.5,1884-09-01
166,86.6,1884-10-01
167,27.0,1884-11-01
168,30.5,1884-12-01
169,9.6,1885-01-01
170,9.9,1885-02-01
171,13.6,1885-03-01
172,19.9,1885-04-01
173,52.8,1885-05-01
174,194.0,1885-06-01
175,272.8,1885-07-01
176,247.9,1885-08-01
177,132.7,1885-09-01
178,73.7,1885-10-01
179,32.1,1885-11-01
180,50.2,1885-12-01
181,4.9,1886-01-01
182,1.2,1886-02-01
183,22.2,1886-03-01
184,12.4,1886-04-01
185,71.1,1886-05-01
186,197.7,1886-06-01
187,315.9,1886-07-01
188,221.8,1886-08-01
189,139.0,1886-09-01
190,132.0,1886-10-01
191,21.4,1886-11-01
192,17.1,1886-12-01
193,17.6,1887-01-01
194,0.6,1887-02-01
195,14.8,1887-03-01
196,20.9,1887-04-01
197,55.2,1887-05-01
198,189.8,1887-06-01
199,301.3,1887-07-01
200,257.4,1887-08-01
201,150.8,1887-09-01
202,87.9,1887-10-01
203,41.1,1887-11-01
204,13.0,1887-12-01
205,19.7,1888-01-01
206,13.6,1888-02-01
207,11.9,1888-03-01
208,25.9,1888-04-01
209,53.1,1888-05-01
210,132.3,1888-06-01
211,274.3,1888-07-01
212,280.0,1888-08-01
213,125.0,1888-09-01
214,38.2,1888-10-01
215,53.1,1888-11-01
216,7.2,1888-12-01
217,10.6,1889-01-01
218,13.4,1889-02-01
219,6.6,1889-03-01
220,24.3,1889-04-01
221,44.8,1889-05-01
222,203.5,1889-06-01
223,279.7,1889-07-01
224,278.1,1889-08-01
225,169.3,1889-09-01
226,94.0,1889-10-01
227,25.4,1889-11-01
228,6.8,1889-12-01
229,2.6,1890-01-01
230,1.1,1890-02-01
231,17.3,1890-03-01
232,26.1,1890-04-01
233,35.8,1890-05-01
234,227.9,1890-06-01
235,300.9,1890-07-01
236,214.1,1890-08-01
237,162.6,1890-09-01
238,64.7,1890-10-01
239,35.1,1890-11-01
240,13.6,1890-12-01
241,11.5,1891-01-01
242,13.4,1891-02-01
243,34.8,1891-03-01
244,20.7,1891-04-01
245,59.5,1891-05-01
246,83.4,1891-06-01
247,257.1,1891-07-01
248,229.7,1891-08-01
249,222.2,1891-09-01
250,60.2,1891-10-01
251,17.3,1891-11-01
252,7.1,1891-12-01
253,5.3,1892-01-01
254,10.6,1892-02-01
255,5.6,1892-03-01
256,32.9,1892-04-01
257,54.1,1892-05-01
258,157.9,1892-06-01
259,313.9,1892-07-01
260,306.3,1892-08-01
261,213.5,1892-09-01
262,99.3,1892-10-01
263,12.6,1892-11-01
264,7.0,1892-12-01
265,22.4,1893-01-01
266,28.3,1893-02-01
267,46.7,1893-03-01
268,25.2,1893-04-01
269,94.6,1893-05-01
270,241.6,1893-06-01
271,256.8,1893-07-01
272,230.9,1893-08-01
273,225.6,1893-09-01
274,97.0,1893-10-01
275,64.2,1893-11-01
276,2.2,1893-12-01
277,11.5,1894-01-01
278,14.4,1894-02-01
279,18.1,1894-03-01
280,24.8,1894-04-01
281,36.0,1894-05-01
282,216.8,1894-06-01
283,311.4,1894-07-01
284,241.5,1894-08-01
285,201.7,1894-09-01
286,138.8,1894-10-01
287,38.5,1894-11-01
288,13.7,1894-12-01
289,10.9,1895-01-01
290,7.7,1895-02-01
291,11.8,1895-03-01
292,37.6,1895-04-01
293,41.5,1895-05-01
294,198.2,1895-06-01
295,256.7,1895-07-01
296,229.9,1895-08-01
297,138.8,1895-09-01
298,79.3,1895-10-01
299,13.4,1895-11-01
300,11.9,1895-12-01
301,3.1,1896-01-01
302,6.1,1896-02-01
303,6.8,1896-03-01
304,17.0,1896-04-01
305,41.2,1896-05-01
306,203.4,1896-06-01
307,284.5,1896-07-01
308,263.3,1896-08-01
309,77.3,1896-09-01
310,14.9,1896-10-01
311,43.5,1896-11-01
312,17.5,1896-12-01
313,9.2,1897-01-01
314,12.4,1897-02-01
315,20.8,1897-03-01
316,21.6,1897-04-01
317,43.5,1897-05-01
318,142.6,1897-06-01
319,259.9,1897-07-01
320,290.5,1897-08-01
321,198.1,1897-09-01
322,85.6,1897-10-01
323,13.0,1897-11-01
324,1.8,1897-12-01
325,2.1,1898-01-01
326,30.7,1898-02-01
327,2.8,1898-03-01
328,21.1,1898-04-01
329,37.5,1898-05-01
330,171.7,1898-06-01
331,292.9,1898-07-01
332,220.8,1898-08-01
333,199.2,1898-09-01
334,65.5,1898-10-01
335,39.3,1898-11-01
336,12.5,1898-12-01
337,5.8,1899-01-01
338,6.6,1899-02-01
339,7.4,1899-03-01
340,52.2,1899-04-01
341,52.6,1899-05-01
342,195.1,1899-06-01
343,187.8,1899-07-01
344,144.1,1899-08-01
345,102.0,1899-09-01
346,50.7,1899-10-01
347,4.1,1899-11-01
348,2.6,1899-12-01
349,15.3,1900-01-01
350,6.7,1900-02-01
351,10.3,1900-03-01
352,38.5,1900-04-01
353,40.6,1900-05-01
354,128.7,1900-06-01
355,252.1,1900-07-01
356,271.3,1900-08-01
357,237.2,1900-09-01
358,49.0,1900-10-01
359,10.4,1900-11-01
360,14.1,1900-12-01
361,27.4,1901-01-01
362,33.7,1901-02-01
363,11.3,1901-03-01
364,31.6,1901-04-01
365,39.1,1901-05-01
366,114.9,1901-06-01
367,222.5,1901-07-01
368,259.0,1901-08-01
369,125.6,1901-09-01
370,54.0,1901-10-01
371,43.1,1901-11-01
372,9.5,1901-12-01
373,6.7,1902-01-01
374,2.5,1902-02-01
375,10.2,1902-03-01
376,35.4,1902-04-01
377,41.8,1902-05-01
378,103.8,1902-06-01
379,279.6,1902-07-01
380,197.2,1902-08-01
381,211.2,1902-09-01
382,69.7,1902-10-01
383,27.8,1902-11-01
384,26.9,1902-12-01
385,8.5,1903-01-01
386,5.5,1903-02-01
387,10.2,1903-03-01
388,12.1,1903-04-01
389,56.2,1903-05-01
390,126.9,1903-06-01
391,278.9,1903-07-01
392,259.3,1903-08-01
393,195.7,1903-09-01
394,128.8,1903-10-01
395,43.4,1903-11-01
396,15.2,1903-12-01
397,5.9,1904-01-01
398,8.6,1904-02-01
399,20.3,1904-03-01
400,31.1,1904-04-01
401,68.6,1904-05-01
402,179.5,1904-06-01
403,247.6,1904-07-01
404,197.0,1904-08-01
405,126.2,1904-09-01
406,70.7,1904-10-01
407,9.0,1904-11-01
408,9.9,1904-12-01
409,12.8,1905-01-01
410,14.4,1905-02-01
411,28.6,1905-03-01
412,27.1,1905-04-01
413,47.6,1905-05-01
414,90.8,1905-06-01
415,245.6,1905-07-01
416,205.2,1905-08-01
417,174.8,1905-09-01
418,61.0,1905-10-01
419,9.8,1905-11-01
420,2.5,1905-12-01
421,15.1,1906-01-01
422,38.5,1906-02-01
423,22.0,1906-03-01
424,13.5,1906-04-01
425,32.8,1906-05-01
426,181.8,1906-06-01
427,287.5,1906-07-01
428,241.8,1906-08-01
429,173.8,1906-09-01
430,54.4,1906-10-01
431,19.9,1906-11-01
432,26.4,1906-12-01
433,6.3,1907-01-01
434,32.4,1907-02-01
435,25.6,1907-03-01
436,52.3,1907-04-01
437,26.4,1907-05-01
438,154.1,1907-06-01
439,221.7,1907-07-01
440,301.4,1907-08-01
441,100.3,1907-09-01
442,20.5,1907-10-01
443,23.8,1907-11-01
444,12.8,1907-12-01
445,15.6,1908-01-01
446,12.6,1908-02-01
447,6.8,1908-03-01
448,15.6,1908-04-01
449,39.0,1908-05-01
450,127.8,1908-06-01
451,316.4,1908-07-01
452,295.5,1908-08-01
453,157.3,1908-09-01
454,42.4,1908-10-01
455,5.9,1908-11-01
456,1.8,1908-12-01
457,16.2,1909-01-01
458,5.7,1909-02-01
459,3.0,1909-03-01
460,60.5,1909-04-01
461,51.9,1909-05-01
462,209.8,1909-06-01
463,296.1,1909-07-01
464,222.6,1909-08-01
465,160.8,1909-09-01
466,36.9,1909-10-01
467,10.1,1909-11-01
468,24.4,1909-12-01
469,5.4,1910-01-01
470,4.2,1910-02-01
471,7.9,1910-03-01
472,21.1,1910-04-01
473,35.7,1910-05-01
474,211.7,1910-06-01
475,237.7,1910-07-01
476,282.7,1910-08-01
477,202.8,1910-09-01
478,108.5,1910-10-01
479,37.9,1910-11-01
480,0.3,1910-12-01
481,16.2,1911-01-01
482,1.3,1911-02-01
483,24.1,1911-03-01
484,19.6,1911-04-01
485,44.1,1911-05-01
486,192.5,1911-06-01
487,153.4,1911-07-01
488,211.0,1911-08-01
489,179.4,1911-09-01
490,72.5,1911-10-01
491,41.5,1911-11-01
492,11.4,1911-12-01
493,7.0,1912-01-01
494,18.7,1912-02-01
495,12.9,1912-03-01
496,30.9,1912-04-01
497,36.2,1912-05-01
498,105.8,1912-06-01
499,320.6,1912-07-01
500,257.9,1912-08-01
501,121.5,1912-09-01
502,66.0,1912-10-01
503,55.9,1912-11-01
504,2.5,1912-12-01
505,1.2,1913-01-01
506,31.0,1913-02-01
507,16.3,1913-03-01
508,20.4,1913-04-01
509,70.1,1913-05-01
510,215.1,1913-06-01
511,264.2,1913-07-01
512,188.1,1913-08-01
513,117.0,1913-09-01
514,73.1,1913-10-01
515,17.9,1913-11-01
516,20.8,1913-12-01
517,1.2,1914-01-01
518,12.1,1914-02-01
519,14.7,1914-03-01
520,34.5,1914-04-01
521,63.4,1914-05-01
522,161.6,1914-06-01
523,320.8,1914-07-01
524,232.8,1914-08-01
525,182.8,1914-09-01
526,41.0,1914-10-01
527,20.6,1914-11-01
528,15.6,1914-12-01
529,18.3,1915-01-01
530,25.6,1915-02-01
531,39.0,1915-03-01
532,25.9,1915-04-01
533,63.1,1915-05-01
534,156.7,1915-06-01
535,229.8,1915-07-01
536,213.1,1915-08-01
537,181.0,1915-09-01
538,88.7,1915-10-01
539,54.5,1915-11-01
540,6.1,1915-12-01
541,1.2,1916-01-01
542,9.3,1916-02-01
543,3.3,1916-03-01
544,23.3,1916-04-01
545,48.1,1916-05-01
546,199.1,1916-06-01
547,258.2,1916-07-01
548,289.7,1916-08-01
549,203.6,1916-09-01
550,147.3,1916-10-01
551,50.8,1916-11-01
552,2.9,1916-12-01
553,3.2,1917-01-01
554,34.6,1917-02-01
555,14.6,1917-03-01
556,23.3,1917-04-01
557,71.4,1917-05-01
558,214.3,1917-06-01
559,246.6,1917-07-01
560,275.5,1917-08-01
561,267.8,1917-09-01
562,159.5,1917-10-01
563,31.6,1917-11-01
564,4.6,1917-12-01
565,10.6,1918-01-01
566,2.0,1918-02-01
567,14.5,1918-03-01
568,18.6,1918-04-01
569,88.0,1918-05-01
570,181.3,1918-06-01
571,143.5,1918-07-01
572,220.5,1918-08-01
573,105.5,1918-09-01
574,14.7,1918-10-01
575,47.2,1918-11-01
576,11.1,1918-12-01
577,37.4,1919-01-01
578,12.2,1919-02-01
579,11.5,1919-03-01
580,20.3,1919-04-01
581,51.2,1919-05-01
582,179.4,1919-06-01
583,271.2,1919-07-01
584,280.8,1919-08-01
585,153.1,1919-09-01
586,70.7,1919-10-01
587,59.0,1919-11-01
588,13.7,1919-12-01
589,20.7,1920-01-01
590,8.7,1920-02-01
591,25.5,1920-03-01
592,22.8,1920-04-01
593,45.4,1920-05-01
594,142.6,1920-06-01
595,291.6,1920-07-01
596,162.8,1920-08-01
597,122.0,1920-09-01
598,48.4,1920-10-01
599,30.3,1920-11-01
600,0.5,1920-12-01
601,29.5,1921-01-01
602,2.3,1921-02-01
603,11.0,1921-03-01
604,31.9,1921-04-01
605,29.5,1921-05-01
606,167.2,1921-06-01
607,266.6,1921-07-01
608,236.2,1921-08-01
609,195.8,1921-09-01
610,66.3,1921-10-01
611,19.1,1921-11-01
612,4.6,1921-12-01
613,22.8,1922-01-01
614,4.7,1922-02-01
615,4.2,1922-03-01
616,16.9,1922-04-01
617,37.1,1922-05-01
618,180.3,1922-06-01
619,291.0,1922-07-01
620,202.8,1922-08-01
621,194.9,1922-09-01
622,51.8,1922-10-01
623,64.8,1922-11-01
624,9.2,1922-12-01
625,10.7,1923-01-01
626,26.3,1923-02-01
627,15.8,1923-03-01
628,20.7,1923-04-01
629,39.8,1923-05-01
630,93.6,1923-06-01
631,297.0,1923-07-01
632,260.4,1923-08-01
633,172.0,1923-09-01
634,60.8,1923-10-01
635,20.7,1923-11-01
636,13.9,1923-12-01
637,14.1,1924-01-01
638,7.0,1924-02-01
639,5.4,1924-03-01
640,22.6,1924-04-01
641,40.6,1924-05-01
642,110.8,1924-06-01
643,299.9,1924-07-01
644,225.0,1924-08-01
645,226.9,1924-09-01
646,61.7,1924-10-01
647,62.8,1924-11-01
648,10.6,1924-12-01
649,4.3,1925-01-01
650,2.4,1925-02-01
651,9.4,1925-03-01
652,30.5,1925-04-01
653,80.6,1925-05-01
654,187.1,1925-06-01
655,285.8,1925-07-01
656,213.3,1925-08-01
657,117.4,1925-09-01
658,72.0,1925-10-01
659,43.4,1925-11-01
660,17.6,1925-12-01
661,26.7,1926-01-01
662,5.0,1926-02-01
663,41.8,1926-03-01
664,27.0,1926-04-01
665,51.8,1926-05-01
666,81.5,1926-06-01
667,287.6,1926-07-01
668,323.6,1926-08-01
669,209.9,1926-09-01
670,53.1,1926-10-01
671,10.9,1926-11-01
672,5.7,1926-12-01
673,7.9,1927-01-01
674,23.2,1927-02-01
675,16.3,1927-03-01
676,23.3,1927-04-01
677,44.1,1927-05-01
678,161.1,1927-06-01
679,319.4,1927-07-01
680,221.8,1927-08-01
681,150.7,1927-09-01
682,61.3,1927-10-01
683,61.1,1927-11-01
684,9.4,1927-12-01
685,9.9,1928-01-01
686,28.2,1928-02-01
687,8.6,1928-03-01
688,22.9,1928-04-01
689,40.9,1928-05-01
690,154.1,1928-06-01
691,283.4,1928-07-01
692,198.2,1928-08-01
693,132.0,1928-09-01
694,123.8,1928-10-01
695,16.9,1928-11-01
696,16.8,1928-12-01
697,17.8,1929-01-01
698,15.2,1929-02-01
699,9.7,1929-03-01
700,40.6,1929-04-01
701,45.8,1929-05-01
702,182.8,1929-06-01
703,287.0,1929-07-01
704,221.2,1929-08-01
705,130.1,1929-09-01
706,91.9,1929-10-01
707,20.0,1929-11-01
708,26.4,1929-12-01
709,8.8,1930-01-01
710,11.6,1930-02-01
711,11.3,1930-03-01
712,24.9,1930-04-01
713,53.7,1930-05-01
714,173.1,1930-06-01
715,280.1,1930-07-01
716,178.3,1930-08-01
717,172.9,1930-09-01
718,97.3,1930-10-01
719,59.3,1930-11-01
720,9.8,1930-12-01
721,4.1,1931-01-01
722,17.4,1931-02-01
723,9.7,1931-03-01
724,21.2,1931-04-01
725,43.1,1931-05-01
726,114.8,1931-06-01
727,282.6,1931-07-01
728,289.8,1931-08-01
729,189.8,1931-09-01
730,128.2,1931-10-01
731,46.4,1931-11-01
732,24.5,1931-12-01
733,1.4,1932-01-01
734,16.0,1932-02-01
735,11.3,1932-03-01
736,22.2,1932-04-01
737,65.6,1932-05-01
738,112.1,1932-06-01
739,313.6,1932-07-01
740,204.1,1932-08-01
741,173.6,1932-09-01
742,70.3,1932-10-01
743,60.6,1932-11-01
744,7.9,1932-12-01
745,7.8,1933-01-01
746,20.2,1933-02-01
747,10.7,1933-03-01
748,35.9,1933-04-01
749,101.0,1933-05-01
750,202.3,1933-06-01
751,257.2,1933-07-01
752,310.3,1933-08-01
753,206.0,1933-09-01
754,91.3,1933-10-01
755,19.7,1933-11-01
756,17.5,1933-12-01
757,14.7,1934-01-01
758,7.5,1934-02-01
759,8.8,1934-03-01
760,25.7,1934-04-01
761,33.2,1934-05-01
762,203.5,1934-06-01
763,254.8,1934-07-01
764,283.8,1934-08-01
765,171.3,1934-09-01
766,69.3,1934-10-01
767,34.1,1934-11-01
768,5.1,1934-12-01
769,14.7,1935-01-01
770,10.5,1935-02-01
771,6.4,1935-03-01
772,28.3,1935-04-01
773,20.5,1935-05-01
774,140.2,1935-06-01
775,304.7,1935-07-01
776,221.8,1935-08-01
777,176.8,1935-09-01
778,54.4,1935-10-01
779,10.8,1935-11-01
780,9.0,1935-12-01
781,6.0,1936-01-01
782,29.1,1936-02-01
783,18.2,1936-03-01
784,18.7,1936-04-01
785,83.7,1936-05-01
786,239.4,1936-06-01
787,260.4,1936-07-01
788,218.9,1936-08-01
789,189.5,1936-09-01
790,70.2,1936-10-01
791,62.5,1936-11-01
792,10.3,1936-12-01
793,1.0,1937-01-01
794,41.0,1937-02-01
795,11.9,1937-03-01
796,48.5,1937-04-01
797,47.0,1937-05-01
798,155.7,1937-06-01
799,328.3,1937-07-01
800,189.1,1937-08-01
801,168.8,1937-09-01
802,94.7,1937-10-01
803,21.4,1937-11-01
804,10.0,1937-12-01
805,11.5,1938-01-01
806,14.6,1938-02-01
807,15.4,1938-03-01
808,19.3,1938-04-01
809,64.5,1938-05-01
810,238.8,1938-06-01
811,267.8,1938-07-01
812,242.0,1938-08-01
813,159.6,1938-09-01
814,78.3,1938-10-01
815,16.7,1938-11-01
816,3.3,1938-12-01
817,7.3,1939-01-01
818,16.1,1939-02-01
819,17.9,1939-03-01
820,28.8,1939-04-01
821,28.7,1939-05-01
822,147.4,1939-06-01
823,252.8,1939-07-01
824,236.7,1939-08-01
825,152.5,1939-09-01
826,93.5,1939-10-01
827,33.3,1939-11-01
828,1.2,1939-12-01
829,7.5,1940-01-01
830,17.1,1940-02-01
831,34.1,1940-03-01
832,19.3,1940-04-01
833,67.3,1940-05-01
834,169.3,1940-06-01
835,288.3,1940-07-01
836,284.3,1940-08-01
837,111.2,1940-09-01
838,72.2,1940-10-01
839,45.5,1940-11-01
840,15.0,1940-12-01
841,19.6,1941-01-01
842,10.4,1941-02-01
843,7.0,1941-03-01
844,23.1,1941-04-01
845,60.8,1941-05-01
846,164.3,1941-06-01
847,218.3,1941-07-01
848,209.8,1941-08-01
849,135.9,1941-09-01
850,68.1,1941-10-01
851,27.2,1941-11-01
852,12.6,1941-12-01
853,13.3,1942-01-01
854,27.4,1942-02-01
855,9.2,1942-03-01
856,34.1,1942-04-01
857,42.5,1942-05-01
858,173.8,1942-06-01
859,322.5,1942-07-01
860,280.8,1942-08-01
861,180.6,1942-09-01
862,38.2,1942-10-01
863,20.6,1942-11-01
864,22.2,1942-12-01
865,40.5,1943-01-01
866,7.5,1943-02-01
867,11.3,1943-03-01
868,35.2,1943-04-01
869,76.5,1943-05-01
870,153.3,1943-06-01
871,297.1,1943-07-01
872,213.7,1943-08-01
873,204.1,1943-09-01
874,98.5,1943-10-01
875,18.6,1943-11-01
876,3.5,1943-12-01
877,18.9,1944-01-01
878,28.0,1944-02-01
879,50.6,1944-03-01
880,23.8,1944-04-01
881,40.0,1944-05-01
882,137.2,1944-06-01
883,346.0,1944-07-01
884,297.4,1944-08-01
885,139.7,1944-09-01
886,95.4,1944-10-01
887,30.0,1944-11-01
888,8.8,1944-12-01
889,23.6,1945-01-01
890,5.6,1945-02-01
891,4.7,1945-03-01
892,33.9,1945-04-01
893,40.5,1945-05-01
894,158.8,1945-06-01
895,313.7,1945-07-01
896,225.7,1945-08-01
897,212.6,1945-09-01
898,82.9,1945-10-01
899,20.0,1945-11-01
900,2.8,1945-12-01
901,1.0,1946-01-01
902,11.1,1946-02-01
903,15.1,1946-03-01
904,43.1,1946-04-01
905,52.7,1946-05-01
906,207.5,1946-06-01
907,282.2,1946-07-01
908,276.7,1946-08-01
909,137.2,1946-09-01
910,88.5,1946-10-01
911,85.0,1946-11-01
912,31.6,1946-12-01
913,16.9,1947-01-01
914,10.9,1947-02-01
915,16.2,1947-03-01
916,30.6,1947-04-01
917,39.5,1947-05-01
918,122.7,1947-06-01
919,290.9,1947-07-01
920,296.0,1947-08-01
921,235.7,1947-09-01
922,68.8,1947-10-01
923,6.7,1947-11-01
924,19.4,1947-12-01
925,25.4,1948-01-01
926,14.1,1948-02-01
927,11.8,1948-03-01
928,27.5,1948-04-01
929,65.2,1948-05-01
930,150.5,1948-06-01
931,279.4,1948-07-01
932,260.8,1948-08-01
933,183.2,1948-09-01
934,65.9,1948-10-01
935,81.5,1948-11-01
936,3.5,1948-12-01
937,4.1,1949-01-01
938,10.9,1949-02-01
939,5.3,1949-03-01
940,37.0,1949-04-01
941,80.4,1949-05-01
942,138.0,1949-06-01
943,294.6,1949-07-01
944,238.2,1949-08-01
945,232.9,1949-09-01
946,99.7,1949-10-01
947,10.6,1949-11-01
948,1.1,1949-12-01
949,5.8,1950-01-01
950,17.8,1950-02-01
951,22.4,1950-03-01
952,8.0,1950-04-01
953,44.0,1950-05-01
954,146.8,1950-06-01
955,322.9,1950-07-01
956,223.7,1950-08-01
957,183.5,1950-09-01
958,52.0,1950-10-01
959,33.1,1950-11-01
960,7.2,1950-12-01
961,5.9,1951-01-01
962,2.1,1951-02-01
963,27.9,1951-03-01
964,36.2,1951-04-01
965,47.0,1951-05-01
966,155.1,1951-06-01
967,254.3,1951-07-01
968,207.6,1951-08-01
969,121.8,1951-09-01
970,79.5,1951-10-01
971,33.9,1951-11-01
972,0.9,1951-12-01
973,2.2,1952-01-01
974,11.5,1952-02-01
975,15.3,1952-03-01
976,27.3,1952-04-01
977,64.7,1952-05-01
978,161.7,1952-06-01
979,276.6,1952-07-01
980,236.7,1952-08-01
981,117.9,1952-09-01
982,81.1,1952-10-01
983,6.3,1952-11-01
984,18.0,1952-12-01
985,19.2,1953-01-01
986,4.3,1953-02-01
987,10.1,1953-03-01
988,27.3,1953-04-01
989,36.6,1953-05-01
990,156.3,1953-06-01
991,300.0,1953-07-01
992,286.8,1953-08-01
993,179.8,1953-09-01
994,93.2,1953-10-01
995,13.7,1953-11-01
996,1.8,1953-12-01
997,12.9,1954-01-01
998,16.2,1954-02-01
999,11.8,1954-03-01
1000,19.7,1954-04-01
1001,44.2,1954-05-01
1002,138.2,1954-06-01
1003,283.7,1954-07-01
1004,222.9,1954-08-01
1005,240.5,1954-09-01
1006,79.8,1954-10-01
1007,1.8,1954-11-01
1008,13.4,1954-12-01
1009,15.6,1955-01-01
1010,2.9,1955-02-01
1011,12.5,1955-03-01
1012,28.4,1955-04-01
1013,65.9,1955-05-01
1014,179.7,1955-06-01
1015,223.9,1955-07-01
1016,303.9,1955-08-01
1017,222.5,1955-09-01
1018,145.2,1955-10-01
1019,31.5,1955-11-01
1020,10.6,1955-12-01
1021,8.6,1956-01-01
1022,7.2,1956-02-01
1023,16.2,1956-03-01
1024,22.6,1956-04-01
1025,87.0,1956-05-01
1026,207.9,1956-06-01
1027,341.5,1956-07-01
1028,253.8,1956-08-01
1029,180.0,1956-09-01
1030,152.5,1956-10-01
1031,48.4,1956-11-01
1032,9.0,1956-12-01
1033,24.4,1957-01-01
1034,7.0,1957-02-01
1035,26.0,1957-03-01
1036,19.1,1957-04-01
1037,49.4,1957-05-01
1038,145.3,1957-06-01
1039,261.9,1957-07-01
1040,260.3,1957-08-01
1041,121.0,1957-09-01
1042,59.7,1957-10-01
1043,26.1,1957-11-01
1044,6.5,1957-12-01
1045,7.0,1958-01-01
1046,10.6,1958-02-01
1047,9.7,1958-03-01
1048,28.2,1958-04-01
1049,60.2,1958-05-01
1050,115.1,1958-06-01
1051,289.9,1958-07-01
1052,270.1,1958-08-01
1053,214.2,1958-09-01
1054,102.0,1958-10-01
1055,35.0,1958-11-01
1056,4.9,1958-12-01
1057,20.3,1959-01-01
1058,10.2,1959-02-01
1059,9.6,1959-03-01
1060,22.8,1959-04-01
1061,58.5,1959-05-01
1062,157.3,1959-06-01
1063,321.1,1959-07-01
1064,250.1,1959-08-01
1065,215.6,1959-09-01
1066,133.3,1959-10-01
1067,21.4,1959-11-01
1068,4.3,1959-12-01
1069,8.9,1960-01-01
1070,1.1,1960-02-01
1071,23.2,1960-03-01
1072,13.0,1960-04-01
1073,55.5,1960-05-01
1074,146.1,1960-06-01
1075,277.7,1960-07-01
1076,250.2,1960-08-01
1077,165.7,1960-09-01
1078,76.1,1960-10-01
1079,39.1,1960-11-01
1080,5.0,1960-12-01
1081,16.6,1961-01-01
1082,24.5,1961-02-01
1083,16.3,1961-03-01
1084,17.5,1961-04-01
1085,67.5,1961-05-01
1086,187.0,1961-06-01
1087,316.2,1961-07-01
1088,273.7,1961-08-01
1089,243.3,1961-09-01
1090,125.7,1961-10-01
1091,18.6,1961-11-01
1092,7.1,1961-12-01
1093,9.1,1962-01-01
1094,11.0,1962-02-01
1095,11.5,1962-03-01
1096,34.6,1962-04-01
1097,58.1,1962-05-01
1098,105.9,1962-06-01
1099,259.4,1962-07-01
1100,236.3,1962-08-01
1101,208.2,1962-09-01
1102,84.4,1962-10-01
1103,15.2,1962-11-01
1104,28.8,1962-12-01
1105,7.3,1963-01-01
1106,5.2,1963-02-01
1107,14.1,1963-03-01
1108,32.1,1963-04-01
1109,47.2,1963-05-01
1110,152.5,1963-06-01
1111,239.6,1963-07-01
1112,302.9,1963-08-01
1113,162.9,1963-09-01
1114,98.9,1963-10-01
1115,22.9,1963-11-01
1116,10.0,1963-12-01
1117,1.4,1964-01-01
1118,5.8,1964-02-01
1119,8.3,1964-03-01
1120,24.9,1964-04-01
1121,43.7,1964-05-01
1122,143.7,1964-06-01
1123,313.0,1964-07-01
1124,263.7,1964-08-01
1125,202.1,1964-09-01
1126,73.4,1964-10-01
1127,25.8,1964-11-01
1128,6.5,1964-12-01
1129,5.5,1965-01-01
1130,9.2,1965-02-01
1131,14.9,1965-03-01
1132,24.3,1965-04-01
1133,34.6,1965-05-01
1134,110.4,1965-06-01
1135,266.9,1965-07-01
1136,189.4,1965-08-01
1137,142.7,1965-09-01
1138,36.2,1965-10-01
1139,15.8,1965-11-01
1140,22.1,1965-12-01
1141,14.7,1966-01-01
1142,5.2,1966-02-01
1143,5.1,1966-03-01
1144,16.1,1966-04-01
1145,52.0,1966-05-01
1146,165.8,1966-06-01
1147,237.5,1966-07-01
1148,198.2,1966-08-01
1149,138.4,1966-09-01
1150,58.0,1966-10-01
1151,61.2,1966-11-01
1152,17.9,1966-12-01
1153,9.2,1967-01-01
1154,2.7,1967-02-01
1155,52.8,1967-03-01
1156,22.5,1967-04-01
1157,33.3,1967-05-01
1158,141.4,1967-06-01
1159,292.4,1967-07-01
1160,257.4,1967-08-01
1161,168.9,1967-09-01
1162,42.0,1967-10-01
1163,13.2,1967-11-01
1164,49.6,1967-12-01
1165,15.0,1968-01-01
1166,12.1,1968-02-01
1167,20.1,1968-03-01
1168,26.9,1968-04-01
1169,31.6,1968-05-01
1170,136.5,1968-06-01
1171,288.6,1968-07-01
1172,194.7,1968-08-01
1173,134.8,1968-09-01
1174,70.3,1968-10-01
1175,23.8,1968-11-01
1176,7.0,1968-12-01
1177,4.0,1969-01-01
1178,2.8,1969-02-01
1179,9.5,1969-03-01
1180,24.2,1969-04-01
1181,55.7,1969-05-01
1182,121.0,1969-06-01
1183,300.4,1969-07-01
1184,238.7,1969-08-01
1185,170.9,1969-09-01
1186,59.6,1969-10-01
1187,43.9,1969-11-01
1188,13.9,1969-12-01
1189,16.9,1970-01-01
1190,20.7,1970-02-01
1191,18.4,1970-03-01
1192,24.0,1970-04-01
1193,58.0,1970-05-01
1194,210.8,1970-06-01
1195,222.8,1970-07-01
1196,298.9,1970-08-01
1197,207.3,1970-09-01
1198,76.2,1970-10-01
1199,19.4,1970-11-01
1200,0.8,1970-12-01
1201,11.4,1971-01-01
1202,10.3,1971-02-01
1203,9.3,1971-03-01
1204,46.0,1971-04-01
1205,70.2,1971-05-01
1206,219.4,1971-06-01
1207,249.3,1971-07-01
1208,258.8,1971-08-01
1209,159.3,1971-09-01
1210,105.2,1971-10-01
1211,13.8,1971-11-01
1212,10.0,1971-12-01
1213,2.5,1972-01-01
1214,13.1,1972-02-01
1215,4.8,1972-03-01
1216,20.6,1972-04-01
1217,44.8,1972-05-01
1218,122.6,1972-06-01
1219,183.8,1972-07-01
1220,217.2,1972-08-01
1221,129.2,1972-09-01
1222,63.3,1972-10-01
1223,30.8,1972-11-01
1224,16.0,1972-12-01
1225,4.7,1973-01-01
1226,11.9,1973-02-01
1227,7.8,1973-03-01
1228,19.5,1973-04-01
1229,48.8,1973-05-01
1230,141.2,1973-06-01
1231,278.7,1973-07-01
1232,307.5,1973-08-01
1233,186.0,1973-09-01
1234,125.9,1973-10-01
1235,19.6,1973-11-01
1236,17.8,1973-12-01
1237,1.9,1974-01-01
1238,3.9,1974-02-01
1239,13.9,1974-03-01
1240,22.2,1974-04-01
1241,60.6,1974-05-01
1242,105.9,1974-06-01
1243,273.6,1974-07-01
1244,228.2,1974-08-01
1245,140.3,1974-09-01
1246,106.6,1974-10-01
1247,11.9,1974-11-01
1248,4.2,1974-12-01
1249,6.7,1975-01-01
1250,9.6,1975-02-01
1251,13.7,1975-03-01
1252,16.4,1975-04-01
1253,40.6,1975-05-01
1254,180.1,1975-06-01
1255,290.1,1975-07-01
1256,264.7,1975-08-01
1257,227.8,1975-09-01
1258,121.7,1975-10-01
1259,25.0,1975-11-01
1260,2.8,1975-12-01
1261,4.7,1976-01-01
1262,8.1,1976-02-01
1263,12.5,1976-03-01
1264,29.8,1976-04-01
1265,36.7,1976-05-01
1266,141.9,1976-06-01
1267,288.2,1976-07-01
1268,278.6,1976-08-01
1269,148.1,1976-09-01
1270,31.9,1976-10-01
1271,61.7,1976-11-01
1272,4.0,1976-12-01
1273,7.0,1977-01-01
1274,5.7,1977-02-01
1275,8.4,1977-03-01
1276,48.9,1977-04-01
1277,71.9,1977-05-01
1278,188.3,1977-06-01
1279,310.6,1977-07-01
1280,239.5,1977-08-01
1281,144.8,1977-09-01
1282,89.3,1977-10-01
1283,71.4,1977-11-01
1284,8.6,1977-12-01
1285,7.3,1978-01-01
1286,21.6,1978-02-01
1287,19.5,1978-03-01
1288,23.4,1978-04-01
1289,50.3,1978-05-01
1290,199.6,1978-06-01
1291,276.1,1978-07-01
1292,273.5,1978-08-01
1293,160.1,1978-09-01
1294,55.1,1978-10-01
1295,44.2,1978-11-01
1296,23.0,1978-12-01
1297,14.6,1979-01-01
1298,27.3,1979-02-01
1299,9.9,1979-03-01
1300,15.8,1979-04-01
1301,40.5,1979-05-01
1302,143.4,1979-06-01
1303,225.8,1979-07-01
1304,199.0,1979-08-01
1305,139.5,1979-09-01
1306,46.1,1979-10-01
1307,88.3,1979-11-01
1308,12.0,1979-12-01
1309,4.4,1980-01-01
1310,5.3,1980-02-01
1311,16.9,1980-03-01
1312,24.6,1980-04-01
1313,44.1,1980-05-01
1314,215.1,1980-06-01
1315,278.3,1980-07-01
1316,253.4,1980-08-01
1317,136.0,1980-09-01
1318,51.8,1980-10-01
1319,24.2,1980-11-01
1320,17.8,1980-12-01
1321,16.3,1981-01-01
1322,7.3,1981-02-01
1323,24.7,1981-03-01
1324,27.6,1981-04-01
1325,58.3,1981-05-01
1326,138.7,1981-06-01
1327,288.9,1981-07-01
1328,226.3,1981-08-01
1329,198.3,1981-09-01
1330,51.0,1981-10-01
1331,29.2,1981-11-01
1332,12.8,1981-12-01
1333,16.7,1982-01-01
1334,11.1,1982-02-01
1335,24.9,1982-03-01
1336,36.6,1982-04-01
1337,50.4,1982-05-01
1338,129.6,1982-06-01
1339,216.3,1982-07-01
1340,268.5,1982-08-01
1341,121.0,1982-09-01
1342,48.7,1982-10-01
1343,50.4,1982-11-01
1344,5.7,1982-12-01
1345,7.3,1983-01-01
1346,10.6,1983-02-01
1347,12.7,1983-03-01
1348,35.4,1983-04-01
1349,54.9,1983-05-01
1350,137.8,1983-06-01
1351,273.7,1983-07-01
1352,293.4,1983-08-01
1353,250.7,1983-09-01
1354,90.0,1983-10-01
1355,12.2,1983-11-01
1356,26.2,1983-12-01
1357,16.1,1984-01-01
1358,26.6,1984-02-01
1359,12.2,1984-03-01
1360,27.9,1984-04-01
1361,39.0,1984-05-01
1362,173.9,1984-06-01
1363,261.2,1984-07-01
1364,259.1,1984-08-01
1365,142.5,1984-09-01
1366,60.1,1984-10-01
1367,13.2,1984-11-01
1368,7.8,1984-12-01
1369,17.1,1985-01-01
1370,6.9,1985-02-01
1371,9.6,1985-03-01
1372,23.6,1985-04-01
1373,43.9,1985-05-01
1374,140.4,1985-06-01
1375,253.4,1985-07-01
1376,218.5,1985-08-01
1377,147.5,1985-09-01
1378,113.8,1985-10-01
1379,19.3,1985-11-01
1380,13.1,1985-12-01
1381,14.8,1986-01-01
1382,28.1,1986-02-01
1383,7.5,1986-03-01
1384,31.0,1986-04-01
1385,43.5,1986-05-01
1386,177.6,1986-06-01
1387,238.4,1986-07-01
1388,213.5,1986-08-01
1389,113.5,1986-09-01
1390,70.7,1986-10-01
1391,38.6,1986-11-01
1392,16.9,1986-12-01
1393,11.3,1987-01-01
1394,9.3,1987-02-01
1395,16.7,1987-03-01
1396,21.6,1987-04-01
1397,44.8,1987-05-01
1398,115.8,1987-06-01
1399,206.8,1987-07-01
1400,237.0,1987-08-01
1401,137.5,1987-09-01
1402,86.7,1987-10-01
1403,54.2,1987-11-01
1404,23.5,1987-12-01
1405,2.5,1988-01-01
1406,11.2,1988-02-01
1407,18.8,1988-03-01
1408,31.9,1988-04-01
1409,50.3,1988-05-01
1410,156.5,1988-06-01
1411,323.2,1988-07-01
1412,276.2,1988-08-01
1413,205.6,1988-09-01
1414,50.2,1988-10-01
1415,22.5,1988-11-01
1416,10.2,1988-12-01
1417,6.1,1989-01-01
1418,3.8,1989-02-01
1419,19.1,1989-03-01
1420,16.6,1989-04-01
1421,42.6,1989-05-01
1422,183.5,1989-06-01
1423,286.2,1989-07-01
1424,231.1,1989-08-01
1425,165.8,1989-09-01
1426,48.5,1989-10-01
1427,14.9,1989-11-01
1428,12.1,1989-12-01
1429,5.2,1990-01-01
1430,25.6,1990-02-01
1431,23.7,1990-03-01
1432,29.9,1990-04-01
1433,107.7,1990-05-01
1434,172.1,1990-06-01
1435,263.0,1990-07-01
1436,283.6,1990-08-01
1437,189.9,1990-09-01
1438,100.7,1990-10-01
1439,33.5,1990-11-01
1440,8.8,1990-12-01
1441,9.0,1991-01-01
1442,7.5,1991-02-01
1443,12.7,1991-03-01
1444,26.3,1991-04-01
1445,50.6,1991-05-01
1446,185.8,1991-06-01
1447,260.7,1991-07-01
1448,243.1,1991-08-01
1449,126.5,1991-09-01
1450,64.9,1991-10-01
1451,35.3,1991-11-01
1452,14.6,1991-12-01
1453,5.5,1992-01-01
1454,7.8,1992-02-01
1455,4.0,1992-03-01
1456,13.0,1992-04-01
1457,49.4,1992-05-01
1458,136.7,1992-06-01
1459,255.2,1992-07-01
1460,272.4,1992-08-01
1461,150.5,1992-09-01
1462,61.8,1992-10-01
1463,44.6,1992-11-01
1464,4.2,1992-12-01
1465,4.4,1993-01-01
1466,13.1,1993-02-01
1467,17.4,1993-03-01
1468,25.6,1993-04-01
1469,52.2,1993-05-01
1470,166.0,1993-06-01
1471,281.1,1993-07-01
1472,189.4,1993-08-01
1473,209.5,1993-09-01
1474,90.2,1993-10-01
1475,30.9,1993-11-01
1476,20.7,1993-12-01
1477,14.7,1994-01-01
1478,14.7,1994-02-01
1479,12.5,1994-03-01
1480,35.0,1994-04-01
1481,39.8,1994-05-01
1482,203.3,1994-06-01
1483,334.1,1994-07-01
1484,270.6,1994-08-01
1485,149.5,1994-09-01
1486,87.4,1994-10-01
1487,29.9,1994-11-01
1488,4.0,1994-12-01
1489,27.1,1995-01-01
1490,10.2,1995-02-01
1491,18.4,1995-03-01
1492,17.3,1995-04-01
1493,78.2,1995-05-01
1494,121.7,1995-06-01
1495,284.7,1995-07-01
1496,243.9,1995-08-01
1497,169.3,1995-09-01
1498,87.4,1995-10-01
1499,34.8,1995-11-01
1500,4.7,1995-12-01
1501,12.3,1996-01-01
1502,13.2,1996-02-01
1503,11.5,1996-03-01
1504,24.2,1996-04-01
1505,40.3,1996-05-01
1506,176.9,1996-06-01
1507,245.4,1996-07-01
1508,273.7,1996-08-01
1509,155.0,1996-09-01
1510,95.1,1996-10-01
1511,12.9,1996-11-01
1512,17.3,1996-12-01
1513,10.0,1997-01-01
1514,3.6,1997-02-01
1515,14.4,1997-03-01
1516,37.8,1997-04-01
1517,39.5,1997-05-01
1518,165.3,1997-06-01
1519,269.1,1997-07-01
1520,254.1,1997-08-01
1521,166.0,1997-09-01
1522,71.4,1997-10-01
1523,58.6,1997-11-01
1524,56.8,1997-12-01
1525,12.2,1998-01-01
1526,12.5,1998-02-01
1527,26.1,1998-03-01
1528,28.4,1998-04-01
1529,41.7,1998-05-01
1530,144.0,1998-06-01
1531,259.7,1998-07-01
1532,244.1,1998-08-01
1533,211.4,1998-09-01
1534,117.9,1998-10-01
1535,45.8,1998-11-01
1536,12.4,1998-12-01
1537,4.4,1999-01-01
1538,9.3,1999-02-01
1539,2.6,1999-03-01
1540,12.8,1999-04-01
1541,91.4,1999-05-01
1542,167.7,1999-06-01
1543,249.9,1999-07-01
1544,202.7,1999-08-01
1545,187.5,1999-09-01
1546,126.8,1999-10-01
1547,16.7,1999-11-01
1548,4.0,1999-12-01
1549,5.0,2000-01-01
1550,21.5,2000-02-01
1551,7.4,2000-03-01
1552,27.8,2000-04-01
1553,78.5,2000-05-01
1554,188.0,2000-06-01
1555,257.0,2000-07-01
1556,216.9,2000-08-01
1557,123.9,2000-09-01
1558,45.3,2000-10-01
1559,12.9,2000-11-01
1560,7.5,2000-12-01
1561,4.8,2001-01-01
1562,6.3,2001-02-01
1563,10.1,2001-03-01
1564,35.5,2001-04-01
1565,60.8,2001-05-01
1566,220.3,2001-06-01
1567,268.0,2001-07-01
1568,189.9,2001-08-01
1569,116.3,2001-09-01
1570,115.6,2001-10-01
1571,19.0,2001-11-01
1572,10.9,2001-12-01
1573,11.7,2002-01-01
1574,14.0,2002-02-01
1575,12.7,2002-03-01
1576,26.2,2002-04-01
1577,54.8,2002-05-01
1578,170.3,2002-06-01
1579,121.3,2002-07-01
1580,227.8,2002-08-01
1581,127.4,2002-09-01
1582,65.1,2002-10-01
1583,20.8,2002-11-01
1584,4.0,2002-12-01
1585,4.2,2003-01-01
1586,23.3,2003-02-01
1587,17.8,2003-03-01
1588,23.1,2003-04-01
1589,26.3,2003-05-01
1590,161.7,2003-06-01
1591,293.1,2003-07-01
1592,227.2,2003-08-01
1593,174.1,2003-09-01
1594,102.4,2003-10-01
1595,12.8,2003-11-01
1596,12.0,2003-12-01
1597,13.8,2004-01-01
1598,2.9,2004-02-01
1599,5.3,2004-03-01
1600,42.5,2004-04-01
1601,80.0,2004-05-01
1602,160.0,2004-06-01
1603,218.0,2004-07-01
1604,242.5,2004-08-01
1605,121.2,2004-09-01
1606,96.2,2004-10-01
1607,16.8,2004-11-01
1608,1.7,2004-12-01
1609,18.4,2005-01-01
1610,12.3,2005-02-01
1611,21.3,2005-03-01
1612,33.9,2005-04-01
1613,43.4,2005-05-01
1614,142.2,2005-06-01
1615,297.0,2005-07-01
1616,187.9,2005-08-01
1617,201.4,2005-09-01
1618,113.2,2005-10-01
1619,25.9,2005-11-01
1620,12.2,2005-12-01
1621,1.1,2006-01-01
1622,2.6,2006-02-01
1623,31.7,2006-03-01
1624,25.4,2006-04-01
1625,85.8,2006-05-01
1626,154.7,2006-06-01
1627,285.1,2006-07-01
1628,290.0,2006-08-01
1629,175.5,2006-09-01
1630,61.7,2006-10-01
1631,33.4,2006-11-01
1632,3.9,2006-12-01
1633,0.8,2007-01-01
1634,28.8,2007-02-01
1635,14.2,2007-03-01
1636,32.2,2007-04-01
1637,45.0,2007-05-01
1638,194.9,2007-06-01
1639,279.6,2007-07-01
1640,257.7,2007-08-01
1641,214.9,2007-09-01
1642,58.2,2007-10-01
1643,16.8,2007-11-01
1644,17.2,2007-12-01
1645,11.1,2008-01-01
1646,10.9,2008-02-01
1647,40.5,2008-03-01
1648,21.6,2008-04-01
1649,44.1,2008-05-01
1650,203.5,2008-06-01
1651,244.4,2008-07-01
1652,262.9,2008-08-01
1653,171.4,2008-09-01
1654,53.3,2008-10-01
1655,31.3,2008-11-01
1656,5.1,2008-12-01
1657,3.6,2009-01-01
1658,1.8,2009-02-01
1659,9.8,2009-03-01
1660,13.6,2009-04-01
1661,49.6,2009-05-01
1662,89.9,2009-06-01
1663,268.8,2009-07-01
1664,195.2,2009-08-01
1665,148.1,2009-09-01
1666,76.3,2009-10-01
1667,57.4,2009-11-01
1668,13.2,2009-12-01
1669,6.3,2010-01-01
1670,4.8,2010-02-01
1671,9.3,2010-03-01
1672,29.3,2010-04-01
1673,61.6,2010-05-01
1674,138.3,2010-06-01
1675,291.5,2010-07-01
1676,257.1,2010-08-01
1677,198.8,2010-09-01
1678,80.2,2010-10-01
1679,71.3,2010-11-01
1680,22.1,2010-12-01
1681,2.4,2011-01-01
1682,11.1,2011-02-01
1683,8.8,2011-03-01
1684,33.4,2011-04-01
1685,50.0,2011-05-01
1686,184.6,2011-06-01
1687,240.2,2011-07-01
1688,280.9,2011-08-01
1689,197.2,2011-09-01
1690,42.6,2011-10-01
1691,21.7,2011-11-01
1692,6.0,2011-12-01
1693,18.2,2012-01-01
1694,2.5,2012-02-01
1695,3.9,2012-03-01
1696,34.3,2012-04-01
1697,25.2,2012-05-01
1698,112.7,2012-06-01
1699,252.0,2012-07-01
1700,257.6,2012-08-01
1701,182.8,2012-09-01
1702,65.0,2012-10-01
1703,34.4,2012-11-01
1704,5.7,2012-12-01
1705,4.7,2013-01-01
1706,26.5,2013-02-01
1707,9.9,2013-03-01
1708,27.3,2013-04-01
1709,54.9,2013-05-01
1710,228.5,2013-06-01
1711,312.2,2013-07-01
1712,246.7,2013-08-01
1713,159.9,2013-09-01
1714,139.7,2013-10-01
1715,14.9,2013-11-01
1716,3.9,2013-12-01
1717,13.3,2014-01-01
1718,23.3,2014-02-01
1719,21.1,2014-03-01
1720,13.4,2014-04-01
1721,64.8,2014-05-01
1722,90.8,2014-06-01
1723,256.4,2014-07-01
1724,219.0,2014-08-01
1725,170.2,2014-09-01
1726,61.8,2014-10-01
1727,15.0,2014-11-01
1728,9.9,2014-12-01
1729,15.2,2015-01-01
1730,4.2,2015-02-01
1731,37.5,2015-03-01
1732,54.0,2015-04-01
1733,45.8,2015-05-01
1734,186.2,2015-06-01
1735,230.5,2015-07-01
1736,185.5,2015-08-01
1737,125.9,2015-09-01
1738,36.6,2015-10-01
1739,44.3,2015-11-01
1740,12.3,2015-12-01
1741,5.0,2016-01-01
1742,5.0,2016-02-01
1743,13.9,2016-03-01
1744,19.9,2016-04-01
1745,60.4,2016-05-01
1746,147.5,2016-06-01
1747,298.1,2016-07-01
1748,230.6,2016-08-01
1749,168.7,2016-09-01
1750,52.1,2016-10-01
1751,8.0,2016-11-01
1752,7.0,2016-12-01
